overall_accuracy,pixel_accuracy,pixel_accuracy_fg,frequency_weighted_iou,frequency_weighted_iou_fg,mean_iou,mean_boundary_f1,branch_recall,iou_background,precision_background,recall_background,f1_background,boundary_f1_background,iou_trunk,precision_trunk,recall_trunk,f1_trunk,boundary_f1_trunk,iou_branches,precision_branches,recall_branches,f1_branches,boundary_f1_branches,iou_support,precision_support,recall_support,f1_support,boundary_f1_support,stem
0.9796875,0.9796875,0.9227078891257996,0.9647351148878975,0.8537759680828894,0.7419157023854387,0.7703342879776539,0.8996329235544802,0.9866425267717059,0.9956264153936076,0.9909373684456706,0.9932763579015235,0.9828573489415229,0.44718309859154215,0.489316987740797,0.838535414165641,0.6180048661334934,0.5051172003491783,0.8348078549710791,0.9205424890972776,0.8996329235544802,0.909967605232835,0.9180360887671616,0.9437561535936949,0.9678980141366503,0.9742514716469701,0.9710643506390912,0.887849574816622,A_Drvo0000_0000-0
0.972841796875,0.972841796875,0.9061859412367612,0.954395683500443,0.8398599429510903,0.6621332837967536,0.6374116939016455,0.9231182524891268,0.9883515340613621,0.99568513897091,0.9926029322394405,0.9941416465657545,0.9816518396121244,0.2730357142857094,0.3002159827213764,0.750982318271083,0.4289521671635585,0.33689847750914553,0.8425924506904096,0.9061840717299563,0.9231182524891268,0.91457278068043,0.8812231702892807,0.8707716864141419,0.9823735152543513,0.8845925972122584,0.9309224558947409,0.6941134339065101,A_Drvo0000_0000-1
0.97033447265625,0.97033447265625,0.8933627987115139,0.9492722393060982,0.8099669992206892,0.6621095146870242,0.6837574043591325,0.9000629383204439,0.983133576882351,0.9939581001412111,0.9890442055683353,0.9914950644709869,0.9846163337371023,0.2738750839489554,0.42434963579603696,0.43577687540071736,0.42998734706092345,0.2919803207028546,0.7839382904577298,0.8586807342597339,0.9000629383204439,0.8788849867805789,0.923189253310902,0.9285151696543873,0.9731228950670245,0.9529537297507003,0.9629327103219822,0.836102639063641,A_Drvo0000_0000-2
0.9860400390625,0.9860400390625,0.902555146676646,0.9754365274088683,0.8461652725677227,0.7462211246323096,0.7946934413560047,0.8472160848431239,0.992636529861432,0.9954627422931512,0.9971480023568396,0.9963046596166175,0.9946741348659528,0.537728355837956,0.5960818842174643,0.8459856294907577,0.6993801652407398,0.5908031362102284,0.7590814609521888,0.8794724770642153,0.8472160848431239,0.8630429889214285,0.8872607871600637,0.941853557106784,0.9945890840652408,0.9467044860789694,0.9700562162489291,0.9060164006977223,A_Drvo0000_0000-3
0.97884765625,0.97884765625,0.9257942808862732,0.9607625573562586,0.8423254680184096,0.8202389404340682,0.8493092900093092,0.9242381797242166,0.9846085152207598,0.9949747409956733,0.9895293486198974,0.9922445737985971,0.9728576667194642,0.7676981771937099,0.8106535362578153,0.9354338842974965,0.868585131844719,0.8021081351426872,0.8120607137973449,0.86997158008848,0.9242381797242166,0.8962842222326353,0.9243678326964118,0.8809579303111499,0.9474838628814911,0.9261823082577771,0.9367119977195895,0.8214519021888287,A_Drvo0000_0000-4
0.98288818359375,0.98288818359375,0.9141424725549304,0.9684396734508883,0.8472609845766308,0.8091815483523642,0.854365110485824,0.8986444728276508,0.9900673815098722,0.9948600832396142,0.9951577681425449,0.9950089033758769,0.9953254663856327,0.7351055806938022,0.7883137889203238,0.9159032182287781,0.8473323915616929,0.7388518078206965,0.787998121319409,0.8648637931718115,0.8986444728276508,0.8814305919888106,0.9221540946113296,0.9044409430438816,0.9758531671074142,0.9251455006715388,0.9498230399843522,0.9020894290254455,A_Drvo0000_0000-5
0.98815673828125,0.98815673828125,0.9420213309707977,0.9782875053389348,0.89758213178378,0.8114627294453703,0.8735310806480706,0.894866158024049,0.9917866224684403,0.9958792148279868,0.9958735387824657,0.9958763767471385,0.995039014425422,0.6356850469539939,0.6585183337490482,0.9482758620689314,0.7772707198102812,0.7441754803938153,0.8330992415425947,0.9234875444839817,0.894866158024049,0.9089515969639536,0.9404209382646249,0.9656038998395222,0.9901884683453878,0.9749319800678642,0.982501001213132,0.9359968232857714,A_Drvo0000_0000-6
0.98146728515625,0.98146728515625,0.8958065035415326,0.9657527325454158,0.8022024709011811,0.5296863927276355,0.9035391300023763,0.9177771138332808,0.9883359597467581,0.9949735177304566,0.9932954343380453,0.9941337678396439,0.9943194999669952,0.7724168812269072,0.8937823834196833,0.8504868729199997,0.8715972967352209,0.7930285849003242,0.8166422969559994,0.8811060436565961,0.9177771138332808,0.8990678002807514,0.9175888051068045,0.0,0.0,0.0,0.0,1.0,A_Drvo0003_0003-0
0.98809326171875,0.98809326171875,0.9452667587658706,0.9772382737901569,0.8789505818146157,0.8804077982883597,0.9536800285471959,0.9397062117963295,0.9895521489516572,0.9960419002184251,0.9934587372972851,0.9947486417215424,0.996553651216757,0.8892996800568724,0.9240543735224518,0.9594231801794818,0.9414066909521555,0.8935590140954801,0.8747058297834285,0.9267161117247881,0.9397062117963295,0.9331659568558662,0.972005958474261,0.877217885024778,0.9321266968325088,0.93707354056096,0.9345935727287576,0.9954751130718466,A_Drvo0003_0003-1
0.979150390625,0.979150390625,0.8878911103580707,0.9619322538401707,0.7889248564598054,0.5206076036694091,0.5477464555233114,0.9013422629934972,0.98771141501535,0.9948891668892228,0.9927485819760883,0.9938177217320349,0.9948548257392503,0.7572057646116856,0.8629597946963168,0.8607018940902063,0.861829365481377,0.7380128791038502,0.8046170463965414,0.8823237748946343,0.9013422629934972,0.8917316257851925,0.9052264874660839,0.0,0.0,0.0,0.0,0.0,A_Drvo0003_0003-2
0.9814501953125,0.9814501953125,0.8347793717607308,0.9667478063953393,0.7076529780287003,0.44526472275853,0.8348828249274046,0.9273813394018169,0.9908975905855836,0.9957350325547606,0.9951211310008351,0.9954279870762793,0.9916944889053521,0.5707589688119653,0.8904514133033203,0.6138633058652389,0.7267301732559399,0.6007737700597845,0.7650351994636247,0.8137859715436979,0.9273813394018169,0.8668781219232016,0.9038747047224296,0.0,0.0,0.0,0.0,1.0,A_Drvo0003_0003-3
0.986259765625,0.986259765625,0.916295532323848,0.9742254280658627,0.8350652508388458,0.5567639725037683,0.9251514007071752,0.9200161213497934,0.9904048684096236,0.9959657057694772,0.9943941483302353,0.9951793065611,0.9957373980107853,0.8354347176575989,0.9109923763601947,0.9096883336586576,0.9103398879562448,0.8442797084579975,0.8348571998537061,0.9001935900193558,0.9200161213497934,0.9099969195143929,0.9311744936635283,0.0,0.0,0.0,0.0,1.0,A_Drvo0003_0003-4
0.97690673828125,0.97690673828125,0.894049772649489,0.9574935677071548,0.7951533013500849,0.5165061210821534,0.8911883261483616,0.9361973531354617,0.9860974265388358,0.9944987370137067,0.9915058824205073,0.9930000545921369,0.9949076825851739,0.72743615502564,0.9043581147702563,0.788062779241604,0.8422148081899542,0.7469235702233152,0.8220822082208205,0.8708734161122158,0.9361973531354617,0.9023546846199135,0.9266414082217698,0.0,0.0,0.0,0.0,1.0,A_Drvo0003_0003-5
0.9825439453125,0.9825439453125,0.903151508342228,0.9675331975361177,0.8239679027801591,0.535848141026602,0.8855362539500155,0.9103696843791432,0.989057290765012,0.9945502021563339,0.994446893151823,0.9944985449211309,0.9908394868486252,0.7630783089891207,0.8501075268817143,0.8817100371747146,0.8656204379062146,0.7457948525889883,0.8444661140906855,0.9210433021017955,0.9103696843791432,0.9156753898521933,0.9108139092610582,0.0,0.0,0.0,0.0,1.0,A_Drvo0003_0003-6
0.9705517578125,0.9705517578125,0.9032394350114756,0.9482551162170815,0.8261230563305177,0.615234025547544,0.698705541573592,0.9192653994569088,0.9814700089691071,0.9924452797022988,0.9888579387186626,0.9906483615466848,0.9864132042740786,0.7525249826323906,0.87963020800799,0.838913380197779,0.858789449561244,0.7272765269323329,0.8506268514600073,0.91930481512713,0.9192653994569088,0.9192851068195185,0.9040590570769564,0.24255024255023414,0.2531645569620162,0.8526187576125636,0.3904071388380689,0.4647810407114864,A_Drvo0004_0004-0
0.95935791015625,0.95935791015625,0.940965483122122,0.9257051477217234,0.8304248467963089,0.514115757634895,0.8332251821136282,0.9405969834405643,0.9585950820046223,0.9923762018703444,0.9657068165994506,0.9788598886652408,0.9530285988805177,0.6974826077601614,0.7273747195213109,0.9443581277917951,0.8217846881374166,0.5958865981742395,0.8448646651445237,0.892485063199927,0.9405969834405643,0.9159096394013791,0.9037889481666448,0.0,0.0,0.0,0.0,1.0,A_Drvo0004_0004-1
0.989150390625,0.989150390625,0.9163927923844062,0.9795604372211597,0.8457514993799431,0.5558917412079886,0.9205139620967558,0.8990866397958773,0.9921783100465732,0.9961363448111856,0.9960112635718558,0.9960738002147744,0.9972652948045373,0.8114580175810769,0.8300775193798364,0.9731006906579308,0.8959170012889928,0.8140187621621067,0.8562172060428889,0.9472494935327999,0.8990866397958773,0.9225398872600797,0.9475231241281611,0.0,0.0,0.0,0.0,1.0,A_Drvo0004_0004-2
0.9812353515625,0.9812353515625,0.9000356167636234,0.9654417453948607,0.8051100005816145,0.5259181620855001,0.9188733658665393,0.9150873332416424,0.9880084489707665,0.9952753267061317,0.9926642195498268,0.9939680582671354,0.9961009383383284,0.7518769230769184,0.8553027651382509,0.8614538532045346,0.8583672895383042,0.8200144191531419,0.8258775631795818,0.8944212931845653,0.9150873332416424,0.9046363017854901,0.9366056784464761,0.0,0.0,0.0,0.0,1.0,A_Drvo0004_0004-3
0.98232666015625,0.98232666015625,0.8958646302787514,0.9676871071850082,0.8023641625819047,0.5257699715579126,0.8846138071363674,0.8797833202977872,0.9895953502586704,0.9957584740480112,0.9937844234555063,0.9947704693622968,0.9940038650761766,0.757535567880391,0.7979932685590856,0.937271574550601,0.862042944314726,0.7470821631697965,0.8197743467933469,0.9231868198674663,0.8797833202977872,0.9009626365954824,0.9067592582393058,0.0,0.0,0.0,0.0,1.0,A_Drvo0004_0004-4
0.98145263671875,0.98145263671875,0.9521153464582552,0.9644012380297233,0.8968444912596198,0.5774433808032716,0.9106754202435989,0.9665069271248176,0.9836203001075148,0.993693960306266,0.9897987343280583,0.9917425225025281,0.9936855043632545,0.8215971806636024,0.9318250377073836,0.874142200212233,0.9020624200997068,0.7736176002448015,0.9107329617462122,0.9404126645321937,0.9665069271248176,0.9532812590055877,0.9584086604859954,0.0,0.0,0.0,0.0,1.0,A_Drvo0004_0004-5
0.99259521484375,0.99259521484375,0.9449475301578999,0.9857255525190048,0.8890125773909543,0.5944931807048386,0.9571524182940085,0.9370102601844196,0.9935310072319075,0.997069477152482,0.9964407365485431,0.9967550076500934,0.995358028623168,0.8970842599456277,0.9232040686586024,0.9694259012015892,0.9457505697969729,0.9068128904902767,0.8863952821688882,0.942559770064883,0.9370102601844196,0.9397768224935248,0.964644364391749,0.0,0.0,0.0,0.0,1.0,A_Drvo0004_0004-6
0.9808544921875,0.9808544921875,0.8840188526462222,0.9644154944965375,0.7827018055364219,0.5827502888014021,0.6654758363595468,0.9234023093632076,0.9886296076099877,0.9948068997607016,0.993758248325434,0.9942822974947509,0.9958364979938035,0.825825082508244,0.877212971077994,0.9337624778430736,0.9046048171582289,0.8446477516601096,0.8170346205396636,0.8764343650815156,0.9234023093632076,0.8993055071802718,0.9312253584040703,0.10539116335629893,0.959409594095587,0.10586319218240611,0.19068573522227653,0.22055439901446044,A_Drvo0007_0007-0
0.9745751953125,0.9745751953125,0.9181547787340398,0.9524546506186966,0.8382078687149446,0.6020702245856716,0.6612317462100797,0.9480932344887452,0.9839078468197805,0.9936754743394242,0.9901082580633105,0.9918886588884606,0.9910892278270912,0.7569216330361274,0.8098067107354965,0.9205745267763633,0.8616452990954964,0.6725558312155661,0.8766952397421002,0.9208962582386204,0.9480932344887452,0.9342968651805923,0.9297767351295331,0.17259380097878718,0.9635701275043781,0.17372742200327837,0.29437952139869605,0.38136267228514,A_Drvo0007_0007-1
0.9745751953125,0.9745751953125,0.9181547787340398,0.9524546506186966,0.8382078687149446,0.6020702245856716,0.6612317462100797,0.9480932344887452,0.9839078468197805,0.9936754743394242,0.9901082580633105,0.9918886588884606,0.9910892278270912,0.7569216330361274,0.8098067107354965,0.9205745267763633,0.8616452990954964,0.6725558312155661,0.8766952397421002,0.9208962582386204,0.9480932344887452,0.9342968651805923,0.9297767351295331,0.17259380097878718,0.9635701275043781,0.17372742200327837,0.29437952139869605,0.38136267228514,A_Drvo0007_0007-1_BACKUP
0.98900146484375,0.98900146484375,0.9504243063799851,0.9788507019312949,0.890528946111871,0.5922992107211743,0.9640838735538363,0.9590641612417177,0.9898840689130706,0.9960144448848369,0.9938206166200693,0.9949163213352678,0.9949852068707803,0.8846440551621237,0.9573459715639714,0.9209428654573584,0.9387916542563478,0.9172522358383493,0.8922535770013993,0.9275796651178111,0.9590641612417177,0.9430592049592359,0.9749993848231594,0.0,0.0,0.0,0.0,1.0,A_Drvo0007_0007-2
0.96310302734375,0.96310302734375,0.8957945425361156,0.9325414263158237,0.805010000554821,0.774100456323891,0.7725670852986087,0.9116282092947664,0.9787998100589604,0.9910617696160263,0.9875172585877066,0.9892863391575988,0.984668986476573,0.741289458010718,0.8336054250910426,0.8700249027917303,0.8514258839125658,0.7318276914752888,0.8304950260540018,0.9032096030498945,0.9116282092947664,0.9073993801540539,0.9064171994806358,0.7505168849069533,0.8896020539152656,0.8275974378460447,0.8574803149106854,0.6794563649399016,A_Drvo0007_0007-3
0.98192138671875,0.98192138671875,0.9313552763736355,0.9661495439513336,0.8506921367442468,0.5506693142009025,0.909769613429959,0.9388765157139303,0.986249108289342,0.9954408520393759,0.9907242588149635,0.9930769550744755,0.9915644376771683,0.7846427301812955,0.8581648522550478,0.9015603300383882,0.8793275167820221,0.7791250511869752,0.867365212421412,0.9192747243871887,0.9388765157139303,0.9289722295404871,0.9501837891029016,0.0,0.0,0.0,0.0,1.0,A_Drvo0007_0007-4
0.98546142578125,0.98546142578125,0.9120028663561448,0.972716274055828,0.8243002473530041,0.5330455157458899,0.9126537889215197,0.9492519709479145,0.9896127809369073,0.9957360317577082,0.9938243572137542,0.9947792760168729,0.9956745932138544,0.7536950699335309,0.9459661354581556,0.7876023634290371,0.859550879525044,0.7882603015699626,0.8454414773041388,0.8854628101566319,0.9492519709479145,0.9162484832551793,0.9497010651945964,0.0,0.0,0.0,0.0,1.0,A_Drvo0007_0007-5
0.984658203125,0.984658203125,0.9140529792829196,0.971177338334856,0.8341374614502485,0.5341953740328061,0.8968882256046714,0.9383895131086116,0.9888435157734803,0.9950216217260398,0.9937601115683229,0.9943904665010191,0.9949895911004114,0.746402178140794,0.8959962647367702,0.8172043010752601,0.8547884186583368,0.740095389457747,0.8561839439576243,0.9071794341281723,0.9383895131086116,0.9225205795991716,0.9505692873562672,0.0,0.0,0.0,0.0,1.0,A_Drvo0008_0008-0
0.98391357421875,0.98391357421875,0.9309117326552852,0.9697550768159477,0.858212147311463,0.5500439868555143,0.908820181470627,0.9318834632745158,0.9870776742619819,0.9948525772466942,0.992144750944886,0.9934968189695093,0.995087391759611,0.7764581936596037,0.8280053109998894,0.9257736667808505,0.8741643303361714,0.7676446692197222,0.8736737669069392,0.9332742137820631,0.9318834632745158,0.9325783199733401,0.9588158751921588,0.0,0.0,0.0,0.0,1.0,A_Drvo0008_0008-1
0.98949462890625,0.98949462890625,0.8825079609091907,0.9809674645561511,0.8026781641866898,0.4982794478814823,0.8786707038626438,0.8725421655160323,0.9937095769279896,0.9965490737400194,0.9971408316962216,0.99684486484667,0.9955140568166315,0.6655953720070599,0.6984822934232597,0.933934611048457,0.7992281716828145,0.6923635879585458,0.8292429716373871,0.9435361935361891,0.8725421655160323,0.9066515322996751,0.9436485236293857,0.0,0.0,0.0,0.0,1.0,A_Drvo0008_0008-2
0.98576904296875,0.98576904296875,0.8997241725175527,0.9738039126990191,0.8240466870069985,0.5050500078770669,0.8973364270198155,0.9016630095853998,0.9899575374977797,0.9948565680166145,0.9950503083414473,0.9949534286976064,0.9978661839373485,0.66738412971731,0.7294542032622219,0.8869183829137893,0.8005163510692215,0.7353988713571381,0.8477658939138909,0.9341349605168672,0.9016630095853998,0.9176117999147541,0.9566104097023082,0.0,0.0,0.0,0.0,1.0,A_Drvo0008_0008-3
0.98576904296875,0.98576904296875,0.8997241725175527,0.9738039126990191,0.8240466870069985,0.5050500078770669,0.8973364270198155,0.9016630095853998,0.9899575374977797,0.9948565680166145,0.9950503083414473,0.9949534286976064,0.9978661839373485,0.66738412971731,0.7294542032622219,0.8869183829137893,0.8005163510692215,0.7353988713571381,0.8477658939138909,0.9341349605168672,0.9016630095853998,0.9176117999147541,0.9566104097023082,0.0,0.0,0.0,0.0,1.0,A_Drvo0008_0008-3_BACKUP
0.9781298828125,0.9781298828125,0.8872725349132459,0.9616584936855876,0.8028612702680056,0.4782727200062131,0.8661293937137619,0.876835882747271,0.9871785117492734,0.994365725444781,0.9927314048649993,0.9935478930180263,0.9921348665784963,0.6013110345407127,0.6184631342380447,0.9559118236472818,0.7510234071108911,0.651118569667482,0.8335071254779267,0.9440325437963367,0.876835882747271,0.9091943127462746,0.9472696114738035,0.0,0.0,0.0,0.0,1.0,A_Drvo0008_0008-4
0.980048828125,0.980048828125,0.904308740386979,0.9637113496320535,0.8302176194698618,0.49731230450359076,0.8766962141889526,0.9010070751463296,0.9852712196083397,0.992880916372757,0.9922812111862884,0.992580973145911,0.9940649431467671,0.6382086918155676,0.669753443685604,0.9312731369708526,0.7791543226014717,0.6760522473554997,0.8537282216952048,0.9420952851961735,0.9010070751463296,0.9210931911778988,0.954036395211358,0.0,0.0,0.0,0.0,1.0,A_Drvo0008_0008-5
0.98720703125,0.98720703125,0.9432681720546561,0.9754501485883187,0.8876982944699938,0.5856853777605157,0.9372429391517548,0.9405399325084343,0.9891755980390776,0.9950375574382941,0.9940795993212852,0.994558347653645,0.9959147430127476,0.8633622470053626,0.9005601034036975,0.9543420692174144,0.9266713955875582,0.8469457462364227,0.8936938862761845,0.9472098239572219,0.9405399325084343,0.9438630949865161,0.9647830712188418,0.0,0.0,0.0,0.0,1.0,B_tree_1_V_0183_0
0.98662109375,0.98662109375,0.9428083115948547,0.9744193906181385,0.8821789272517865,0.5814179458003483,0.9328089038403545,0.9434227533504139,0.9889023536457466,0.9953418609916229,0.9935002754120584,0.9944202155357923,0.9935295388599458,0.8549944593952759,0.9039330543932979,0.9404492425561471,0.9218296637151593,0.8385555796202042,0.8892593780057692,0.9393542560397359,0.9434227533504139,0.941384108832325,0.9598711319008595,0.0,0.0,0.0,0.0,1.0,B_tree_1_V_0183_1
0.98038818359375,0.98038818359375,0.9515877089237498,0.9625620150726362,0.8893700222653905,0.5720000117243718,0.9045960299414331,0.9656086050987306,0.9830633856444395,0.9944817394311943,0.9884553119940992,0.9914593680780359,0.98841450392219,0.8127237117579468,0.9202416456373715,0.874309793664626,0.8966879027852408,0.7587254749239879,0.9032763234151684,0.9333019060238495,0.9656086050987306,0.9491804340284065,0.9550626149003113,0.0,0.0,0.0,0.0,1.0,B_tree_1_V_0183_10
0.9799365234375,0.9799365234375,0.9554957117982328,0.9614892703016684,0.8968370309687457,0.5898878970858883,0.9321519711837003,0.9634891616610068,0.9803389788044292,0.9930998163123511,0.9870623736744684,0.9900718909716876,0.9894631309192172,0.8665437020289115,0.9403409090909031,0.9169552351570804,0.9285008446792105,0.832516755839851,0.9031199892287533,0.9351228723876139,0.9634891616610068,0.9490941131328017,0.9639391577112498,0.0,0.0,0.0,0.0,1.0,B_tree_1_V_0183_11
0.98621826171875,0.98621826171875,0.9607742309771502,0.9733314191401949,0.9132351494762975,0.6075938935486316,0.9417171257115372,0.9578448118604982,0.9869877061397753,0.9949065754758367,0.9920001677867427,0.9934512458635922,0.9913258811405076,0.9082657048391891,0.9325391926922545,0.9721400077210077,0.9519279233371124,0.8585542271541285,0.9145159758067055,0.9528672297743154,0.9578448118604982,0.9553495372359057,0.9665971499804827,0.0,0.0,0.0,0.0,1.0,B_tree_1_V_0183_12
0.98723876953125,0.98723876953125,0.9626091971809192,0.975264341777812,0.9160107870427181,0.6053210557518466,0.960199358240999,0.9680031500376618,0.9877074604924657,0.9952244960836124,0.9924109266113853,0.9938157199430774,0.9920391893978678,0.8955021472161463,0.95209868631848,0.9377514792899334,0.9448706227887409,0.9076986000434419,0.9204610200393936,0.9493451981195417,0.9680031500376618,0.9585833926194499,0.9728994746795551,0.0,0.0,0.0,0.0,1.0,B_tree_1_V_0183_13
0.984091796875,0.984091796875,0.9528060000274224,0.969332835033419,0.8986877049525379,0.8773327586974382,0.9196082546536792,0.9483005879822154,0.9846368632636553,0.9936525240971747,0.9908693159709739,0.9922589683181069,0.990900666862861,0.9090059026357262,0.9287633606018934,0.9771328056288417,0.9523343027205758,0.8670755882606941,0.8973554307814949,0.9435140100237199,0.9483005879822154,0.9459012435687414,0.9657449474206826,0.8256369426750935,0.9764595103577235,0.8424045491469665,0.9044919319170484,0.926004228279661,B_tree_1_V_0183_14
0.98413818359375,0.98413818359375,0.9555982788611187,0.9693238732494646,0.909515694209779,0.6026104200469969,0.937059927706651,0.9609815198668715,0.9855436696506487,0.993561724748966,0.9918781190257463,0.992719208008569,0.9922877061970181,0.8940551479888648,0.9522039012824608,0.9360631422820165,0.9440645367594869,0.8454153318357903,0.9137761121521258,0.9489851813411737,0.9609815198668715,0.9549456765626582,0.9657644512841624,0.0,0.0,0.0,0.0,1.0,B_tree_1_V_0183_15
0.9854296875,0.9854296875,0.9609482769144377,0.9717317868019556,0.9168647982159907,0.9051459316518797,0.9500610535725839,0.9579418626647315,0.9854479060513415,0.9937940252582251,0.9915497599814451,0.99267062409264,0.9898445679911906,0.9191757298225478,0.9399988292454433,0.9764670112496141,0.9578859460249349,0.9009385922020721,0.9174882611387059,0.9559977975300857,0.9579418626647315,0.9569688427150161,0.9714667907881006,0.8787738039943855,0.9417620706818844,0.9292730844793257,0.9354758961180648,0.9777777777275788,B_tree_1_V_0183_16
0.988623046875,0.988623046875,0.95265875532204,0.978112137747259,0.8988828855477742,0.5943851977823232,0.9516637387174018,0.9527265187642524,0.9904512937274245,0.9961832924333063,0.994224122120173,0.995202743015019,0.9945820623543932,0.8788258317025371,0.9191910921892834,0.9524092297251361,0.9355053745021286,0.8859325748075925,0.9043297616444327,0.9468153303722676,0.9527265187642524,0.9497617269982845,0.9690586413446131,0.0,0.0,0.0,0.0,1.0,B_tree_1_V_0183_2
0.99231201171875,0.99231201171875,0.9465028681159063,0.9851083923066456,0.9048408707945772,0.5906542207531782,0.9347594637959619,0.9523481283903229,0.9939445829405772,0.9965716235501837,0.997354877351408,0.9969630965619967,0.9966234555942407,0.8566473988439196,0.9259927797833807,0.9196083838940855,0.9227895391778833,0.8372465925509853,0.915315263415615,0.959247743532463,0.9523481283903229,0.9557854843546058,0.9670317988369004,0.0,0.0,0.0,0.0,1.0,B_tree_1_V_0183_3
0.99208984375,0.99208984375,0.9437369647895963,0.9849032215969201,0.8964767718916555,0.5834749033511089,0.9147135212548455,0.9344063532478526,0.9946737755091002,0.9972270486093225,0.9974325258577448,0.9973297766000486,0.9963381023006257,0.8408590308369951,0.8529773209697146,0.9833848531684571,0.9135507029116531,0.7956628544210185,0.9095656792163315,0.9716023701462401,0.9344063532478526,0.952641419007789,0.948477709343518,0.0,0.0,0.0,0.0,1.0,B_tree_1_V_0183_4
0.987998046875,0.987998046875,0.9568254502608988,0.976843763430605,0.9044468613011891,0.6017549509235182,0.9522918471901333,0.9515842241693246,0.9891259529720212,0.9957831394283617,0.9932865016134095,0.9945332536076018,0.9916927461580516,0.8994571118349555,0.9197631384159813,0.976042730343249,0.9470675659726733,0.8901830063367799,0.9058077409355991,0.9495703108298752,0.9515842241693246,0.9505762007696262,0.9666925352336196,0.0,0.0,0.0,0.0,1.0,B_tree_1_V_0183_5
0.98407958984375,0.98407958984375,0.951304076589006,0.9714663645104348,0.9105192424819002,0.6042286126662602,0.6113067021733518,0.9506844506844493,0.9870380080235093,0.994502017974408,0.9924535473231852,0.9934767266536909,0.9924480266216179,0.8998236997859155,0.940506745640007,0.9541327280010619,0.9472707386899294,0.874809122120173,0.912862138212865,0.9582381296342689,0.9506844506844493,0.9544463450125118,0.9591109843998824,0.0,0.0,0.0,0.0,0.0,B_tree_1_V_0183_6
0.98094482421875,0.98094482421875,0.9251971438367396,0.9662084846166438,0.8612403410165412,0.561701269069943,0.5755452819722685,0.921886929649153,0.9867668159611482,0.9948198969835926,0.9918631775941045,0.9933393370415298,0.9897095060282357,0.8132970339590141,0.8574018126888153,0.9405136702568273,0.897036744319914,0.7830162945627833,0.871806773250815,0.9413435301542499,0.921886929649153,0.9315136430347828,0.9436195513540222,0.0,0.0,0.0,0.0,0.0,B_tree_1_V_0183_7
0.9866259765625,0.9866259765625,0.9545293182484681,0.9741994585993958,0.9019625318313511,0.603075438534555,0.9518143076195759,0.9470763539204584,0.9877725703863599,0.9950433741104234,0.9926568467943305,0.9938486777133401,0.99466239885596,0.9098937889632828,0.9298059340529646,0.977005082434604,0.952821349724861,0.883033550583076,0.8993325266403823,0.9469206584057683,0.9470763539204584,0.9469984997136593,0.9724093722756516,0.0,0.0,0.0,0.0,1.0,B_tree_1_V_0183_8
0.9745849609375,0.9745849609375,0.9334151321581777,0.9571134541908548,0.8819565457160472,0.5596096003317236,0.5396088874360762,0.9436829846837457,0.9836104871865596,0.9943895386474468,0.9890996387459793,0.9917375346528509,0.9914264008471492,0.7823333333333281,0.893210534327897,0.8630580275060612,0.8778754441243115,0.6866184166709015,0.8964954676618428,0.9471699739297169,0.9436829846837457,0.9454232640162374,0.9322082456373271,0.0,0.0,0.0,0.0,0.0,B_tree_1_V_0183_9
0.97806640625,0.97806640625,0.9424148667245772,0.9583403107913029,0.8862308541330113,0.8786756011986844,0.8708952711702301,0.9345344584646059,0.9823946392338805,0.9922819361407719,0.9899590744376394,0.9911191442325312,0.9918864823109984,0.8179708650251333,0.871625798475164,0.9300109930377359,0.899872358480751,0.7517966526295339,0.8798855200787036,0.9376816889326604,0.9345344584646059,0.9361054283719026,0.950493771101905,0.9381704184922159,0.9677783838541224,0.9684198214355298,0.9680989963448127,0.9103953897792515,CM_tree_1_V_0115_tree_1_V_0115_0_pred
0.988935546875,0.988935546875,0.9434119630845104,0.9787811118586001,0.8940422324238451,0.9002540993659283,0.9154766830059042,0.9191176470588205,0.9919667317607718,0.9959151894020601,0.9960191509590993,0.9959671674176376,0.9951569611956174,0.8788095238095168,0.8906136893750431,0.9851423487544396,0.9354961347872754,0.869080379524315,0.8762235554152167,0.9494320514575033,0.9191176470588205,0.9340289464326758,0.9482055698610066,0.9457292188730512,0.9817168338907396,0.962684935500321,0.9721077420754024,0.9291440996323912,CM_tree_1_V_0115_tree_1_V_0115_10_pred
0.97194091796875,0.97194091796875,0.9238495116898491,0.9471715220131212,0.8561721937238932,0.8396219088182013,0.8185912923609685,0.928283652662805,0.9798099606384583,0.9904151126373714,0.989189709160386,0.9898020315778078,0.9909001802460731,0.8074656188605064,0.8739899143325788,0.9138555364970401,0.8934782608195846,0.6945341355828651,0.8687697772820396,0.9312755864578582,0.928283652662805,0.9297772125776443,0.9357518810226766,0.8426303303120577,0.9175332847585552,0.9116756614453013,0.9145950942024126,0.8254878604773638,CM_tree_1_V_0115_tree_1_V_0115_1_pred
0.98096923828125,0.98096923828125,0.9251943970305345,0.9644538218870725,0.8587087539037702,0.8369017455187056,0.8604992273047367,0.9206489216347551,0.9877007184699489,0.9943945686948584,0.9932307270788782,0.9938123070967626,0.9955758869780611,0.7758009331259672,0.8213791740762642,0.9332485220384574,0.8737476353456992,0.7329940407390994,0.8779502234830353,0.9498242420998145,0.9206489216347551,0.9350090459881971,0.9514574899870729,0.856954079947114,0.8690117252931032,0.9840667678300081,0.9229674434655486,0.8970461511880378,CM_tree_1_V_0115_tree_1_V_0115_2_pred
0.98623779296875,0.98623779296875,0.935218088071349,0.9740114324337299,0.8726235158305022,0.863290337016398,0.8650921261824903,0.9326452892263989,0.9905378655053444,0.9959397444427381,0.9945541068508084,0.9952464433065278,0.9955527883516639,0.8131482492396411,0.8473102551600776,0.9527595029239679,0.8969462365093037,0.7749351133051842,0.8864614791492623,0.9470938215102953,0.9326452892263989,0.9398140263132965,0.9487816322642076,0.8902612826602903,0.990486257928066,0.8979396262577433,0.9419452123149885,0.8715596329780789,CM_tree_1_V_0115_tree_1_V_0115_3_pred
0.98486083984375,0.98486083984375,0.868140735958683,0.9728190550278352,0.7671028639847514,0.4753696796231382,0.8499873528537855,0.9129040217123087,0.9933539967024257,0.9968198458807063,0.9965120400403837,0.9966659191452012,0.994096706783614,0.6103610073733543,0.7955566650024863,0.72390687109596,0.7580424569876236,0.6208582604206648,0.8157480314960605,0.884593053041426,0.9129040217123087,0.8985255853793241,0.9291037981406918,0.0,0.0,0.0,0.0,1.0,CM_tree_1_V_0115_tree_1_V_0115_4_pred
0.98658935546875,0.98658935546875,0.9606271350218436,0.9739828529174938,0.9159861242834315,0.6089229773978982,0.9646054850664828,0.9573559322033882,0.9866610261750364,0.9943088315962696,0.9922647364208932,0.9932857323174156,0.9955139690264069,0.9090909090909032,0.9317385845503143,0.9739586930993923,0.9523809523309704,0.9098103174444011,0.9176780231027913,0.9567883458965004,0.9573559322033882,0.957072054848969,0.9840061377550475,0.0,0.0,0.0,0.0,1.0,CM_tree_1_V_0115_tree_1_V_0115_5_pred
0.9750048828125,0.9750048828125,0.9374027412675945,0.9524844262913008,0.8769028570100128,0.8777796437713118,0.8658594699394104,0.9263769522884948,0.9815419589329538,0.9919119291421288,0.9894611248001565,0.990685011193978,0.992403558225107,0.8709621194515405,0.8957872721840402,0.9691621411947183,0.9310312703286078,0.8165535272661447,0.8733143118623982,0.9384481885891952,0.9263769522884948,0.9323735011102768,0.9455824442844919,0.8890624999999971,0.9352661397495946,0.947359098799104,0.9412737799334562,0.8354424382675945,CM_tree_1_V_0115_tree_1_V_0115_6_pred
0.9845556640625,0.9845556640625,0.9480690763714298,0.970360881801813,0.8933992446103085,0.8929717280098606,0.8968889961269572,0.9488983692540659,0.9869932382555286,0.9944693029953228,0.9924408644610773,0.9934540482607578,0.9919402561628328,0.8717932231723727,0.9151592872570132,0.9484471180749794,0.9315059081665524,0.840439341715015,0.8978279483460588,0.943444730077119,0.9488983692540659,0.9461636910564651,0.96604062700252,0.9092940125111504,0.969047619047596,0.9364933271974014,0.9524923940524965,0.8841870196633367,CM_tree_1_V_0115_tree_1_V_0115_7_pred
0.98532470703125,0.98532470703125,0.9487152720819602,0.9717354087388642,0.8935138396899847,0.5986112695064106,0.6225730982661583,0.9504545801818303,0.9870482417429272,0.9944743462236,0.9924914536277194,0.9934819104617888,0.9948639504366704,0.8977000323939042,0.928188638799565,0.9647009677643879,0.9460926563973849,0.8970891316378788,0.8981337761253277,0.9422479739453137,0.9504545801818303,0.9463334854208647,0.9706301631605959,0.0,0.0,0.0,0.0,0.0,CM_tree_1_V_0115_tree_1_V_0115_8_pred
0.97898681640625,0.97898681640625,0.9324699159523661,0.96041689760302,0.8755660196972613,0.8619450272812008,0.8339723711944357,0.9256484244351888,0.986355621262437,0.993054980079681,0.9932069288687987,0.9931309486122081,0.9941729413969224,0.7756990409293477,0.8442990516797703,0.9051860025220609,0.8736830093449038,0.6957000691037376,0.8744385589938963,0.9404974096716681,0.9256484244351888,0.9330138400656802,0.9407142105307379,0.9356974819203585,0.9667806985956025,0.9667806985956025,0.9667806985456024,0.8655028339488313,CM_tree_1_V_0115_tree_1_V_0115_9_pred
0.9741845703125,0.9741845703125,0.9197398566255266,0.9524422761888143,0.8517893149352213,0.8207965097345186,0.8397537742944475,0.8958498415213931,0.9827187488185103,0.9920076075617633,0.9905615736638684,0.99128406321324,0.9924539671722625,0.7004768753311581,0.7276873476448791,0.9493229380385623,0.8238593366969152,0.6765131643321657,0.8532278859155359,0.9471837746321523,0.8958498415213931,0.9208019071521005,0.9368241603317842,0.9086847679568616,0.9375347691329535,0.9672447013487437,0.9521580338086416,0.9059239982193927,CM_tree_1_V_0145_tree_1_V_0145_0_pred
0.97635009765625,0.97635009765625,0.9301878241603303,0.9554351384436811,0.8699919243468293,0.8435918231496827,0.8391066266182605,0.9271935469388352,0.9827762510385374,0.9915050695552651,0.9911216383880372,0.9913133168447119,0.9939685614675428,0.7304443918225533,0.838908530504933,0.8496143958868817,0.8442275235553404,0.7165828369887289,0.874800559140391,0.9393250250159177,0.9271935469388352,0.9332198615244965,0.9494620807254094,0.9255305184861041,0.9432355301881703,0.9801223241590169,0.9613252135475417,0.8512749621406432,CM_tree_1_V_0145_tree_1_V_0145_10_pred
0.9797705078125,0.9797705078125,0.9441186788954042,0.9612306116509147,0.8945661314876102,0.8884627199355805,0.8928182088816387,0.931979450955208,0.9826961719119959,0.9912949735492426,0.9912501815482431,0.991272576992746,0.9938188866494277,0.8399083206000775,0.8863236587510929,0.9413092550789994,0.9129893170766096,0.8110183433530039,0.8894421547748534,0.9511895399134864,0.931979450955208,0.9414865149270556,0.9573928203822952,0.9360376844318101,0.9578138071146838,0.9762871528341686,0.9669622568923505,0.9100434629096168,CM_tree_1_V_0145_tree_1_V_0145_11_pred
0.9724560546875,0.9724560546875,0.9212562324488509,0.9494023823858242,0.8526677902544072,0.8181137031109783,0.8132348792234495,0.9054529402838882,0.9826176401656204,0.9924318637603967,0.9900362734744474,0.9912326211663995,0.993225414965284,0.6866222672650885,0.7280472827755547,0.9234738584363653,0.81419803420109,0.6976970982256131,0.8593404291530826,0.9440521221360857,0.9054529402838882,0.9243497485805144,0.9331231242279674,0.9083784129147638,0.9323656713155208,0.972457820337433,0.9519898220601445,0.8088844152167681,CM_tree_1_V_0145_tree_1_V_0145_12_pred
0.97613037109375,0.97613037109375,0.9286208206316897,0.9552334952377912,0.871402444007765,0.8557473181551903,0.8420201464050381,0.912638643811443,0.9832780564050724,0.9911134258882501,0.9920240581513926,0.9915685328942718,0.9930883017392858,0.7672487083905515,0.8069330765527147,0.9397628965075221,0.8682973762593529,0.7122410672972951,0.8652019357151379,0.9433289364404694,0.912638643811443,0.9277300426313277,0.943975483182155,0.9347913103598817,0.9712654542704792,0.9613786909172526,0.9662967838506936,0.8698438887356643,CM_tree_1_V_0145_tree_1_V_0145_13_pred
0.97185302734375,0.97185302734375,0.9266649642042603,0.9483870303518726,0.8633376291155928,0.83447385042539,0.8183548929188801,0.9100634021313896,0.9810121069593237,0.9916459253991632,0.9891872354655971,0.9904150544698731,0.9913330140416575,0.6928946113495429,0.7401935812531791,0.9155639571518517,0.8185915492463297,0.6498167021621398,0.8616954694664765,0.9419049480621008,0.9100634021313896,0.9257104435742021,0.9459664385175929,0.9488314704601505,0.9695553825045391,0.9779689545539519,0.9737439945870687,0.8592815380769077,CM_tree_1_V_0145_tree_1_V_0145_14_pred
0.9786474609375,0.9786474609375,0.9405467057718481,0.9593635332722156,0.8852362350647482,0.8687013023456166,0.8439280533953966,0.9437685521969968,0.9846988065459439,0.9929120583566206,0.9916695603178863,0.9922904203384287,0.9913241317188002,0.8218595954444942,0.8671090387374384,0.9402956048230169,0.902220563488047,0.7530175487636336,0.8922059443507576,0.9422977918156633,0.9437685521969968,0.943032598504578,0.951359490156733,0.892038367241598,0.9559345471306709,0.9302920199165616,0.9429389833091031,0.827407121265823,CM_tree_1_V_0145_tree_1_V_0145_15_pred
0.9771435546875,0.9771435546875,0.9139585497353713,0.9575383362818084,0.8408415209665197,0.8241165074316171,0.8493261185877153,0.9002792429413571,0.9862457272900362,0.9934637339219116,0.9926870520667288,0.9930752410840716,0.9937192392320731,0.7385924816770373,0.811077455646899,0.8920616790405398,0.8496441683921524,0.7406496855365449,0.8380959716552399,0.9238606694827091,0.9002792429413571,0.9119175326352226,0.9253289434201462,0.895661068962574,0.93566053697849,0.9544442930462782,0.9449590790038725,0.881999726806455,CM_tree_1_V_0145_tree_1_V_0145_1_pred
0.96094970703125,0.96094970703125,0.9160659300851295,0.9290206845336274,0.8390050468099048,0.7730790970009536,0.7530649000605546,0.915624221758203,0.9747701401050783,0.9907108688396925,0.9837613918806956,0.9872239004017366,0.9890029446725727,0.6371398078975409,0.7019675472289668,0.8734029064663915,0.77835723593494,0.587915454049034,0.863368286052329,0.9379955255514553,0.915624221758203,0.9266748741708541,0.9160820732693712,0.8187291970529907,0.8666323581805913,0.9367565254599876,0.9003310644973771,0.7551971728632586,CM_tree_1_V_0145_tree_1_V_0145_2_pred
0.9725634765625,0.9725634765625,0.9209872695218522,0.9491024255884489,0.8502416480725284,0.8205566854462232,0.8267949717485527,0.9111768515247838,0.9821706829776087,0.9921978079400119,0.989815366871597,0.9910051554719208,0.9921933647401907,0.7210073895340015,0.7753811222834838,0.9113610369805479,0.8378899403639174,0.7145412032231456,0.8589882339882328,0.9374895891697065,0.9111768515247838,0.9241459609444781,0.9377537851965595,0.8816744328164354,0.9220691032554388,0.9526639428830798,0.9371168756858111,0.8280899268259526,CM_tree_1_V_0145_tree_1_V_0145_3_pred
0.96462646484375,0.96462646484375,0.9006111821114038,0.9359846133086823,0.8201818427207955,0.7470765739569915,0.7265854951107116,0.9161216782572642,0.9812019319769101,0.9914027641745562,0.9896224077236169,0.9905117858918132,0.9940170335604717,0.6072712418300604,0.6969526488513765,0.8251554174067404,0.75565495852301,0.5324733087929779,0.8503291582952156,0.9221203657561383,0.9161216782572642,0.9191112342761767,0.925605824897359,0.7836293217456982,0.8919892473118233,0.865783019360221,0.8786907819323703,0.7216773516417978,CM_tree_1_V_0145_tree_1_V_0145_4_pred
0.97804931640625,0.97804931640625,0.9273105316769403,0.9586854813623659,0.8665444972798821,0.8372276796977999,0.8145327522907935,0.9271007323654102,0.9865959873257364,0.9930869567982494,0.9934186460033142,0.9932527736595111,0.9936210130832026,0.7368138264529351,0.8430327868852373,0.8539699014011328,0.8484660994601764,0.7133190101466621,0.8736152309461819,0.9380535287713068,0.9271007323654102,0.9325449713153363,0.9322238948992525,0.901253981694283,0.93817418677859,0.958161865569269,0.9480626894925545,0.798055351826466,CM_tree_1_V_0145_tree_1_V_0145_5_pred
0.98481689453125,0.98481689453125,0.9362107767950574,0.9711715778907504,0.881089221459149,0.8691986475079808,0.8687828330198065,0.9063272302091336,0.989663379205564,0.994815085100873,0.9947945939106456,0.9948048393502389,0.9964523281096367,0.8143445435826948,0.8381210266070068,0.9663363648703547,0.897673538819165,0.7760143282015635,0.8595045487764903,0.943301250138287,0.9063272302091336,0.9244446853282007,0.945606957121522,0.933746850164757,0.9589139262680112,0.9726608246173688,0.9657384574789175,0.8847272137363343,CM_tree_1_V_0145_tree_1_V_0145_6_pred
0.9816259765625,0.9816259765625,0.9321844251421716,0.9666136465828985,0.8828065720588469,0.8030528328152231,0.7805472899403392,0.9236768407245898,0.9891132334558707,0.9941544355425169,0.994899491807289,0.994526824083981,0.9964618200937614,0.5735888410898113,0.6531096927415667,0.8248968878889984,0.7290199651565287,0.48724224638749636,0.8797798524471141,0.948750159302345,0.9236768407245898,0.9360456239115682,0.9472423132392577,0.955789804908744,0.9804317127294696,0.9743774810537673,0.9773952215733575,0.9071573101942633,CM_tree_1_V_0145_tree_1_V_0145_7_pred
0.96857421875,0.96857421875,0.9388256268691051,0.942758289711917,0.8903171069204698,0.8253773664018156,0.7097849218187801,0.9431220435193939,0.9814417822614541,0.9907495809729909,0.9905184116748681,0.9906339827878073,0.9871283064828513,0.6490431930016367,0.7053475935828836,0.8904808341459689,0.7871754914794632,0.4602978909929735,0.9086003864522945,0.9612743963588668,0.9431220435193939,0.9521117074627543,0.8898000451309909,0.9184885197515156,0.9740491355777945,0.9415282859555273,0.9575126567059459,0.7792568293323758,CM_tree_1_V_0145_tree_1_V_0145_8_pred
0.9713134765625,0.9713134765625,0.9438280576911694,0.9457866481705324,0.8924107039695715,0.8570822730582511,0.803331044163175,0.9464379761946552,0.977298576742184,0.9894996479133513,0.9875402350620656,0.9885189704662185,0.9899165117712673,0.7600885826771607,0.8263777421080737,0.9045387994143418,0.8636935551017805,0.7029384141218813,0.9054128948826891,0.9543121149897322,0.9464379761946552,0.9503587356490497,0.9344745450316969,0.9057453416149034,0.9474923857867983,0.9536109862263419,0.9505418397609638,0.7725801733359472,CM_tree_1_V_0145_tree_1_V_0145_9_pred
