epoch,timestamp,elapsed_s,train_loss,val_loss,lr,mean_iou,mean_boundary_f1,overall_accuracy,branch_recall,iou_background,iou_trunk,iou_branches,iou_support,f1_background,f1_trunk,f1_branches,f1_support,precision_background,precision_trunk,precision_branches,precision_support,recall_background,recall_trunk,recall_branches,recall_support,boundary_f1_background,boundary_f1_trunk,boundary_f1_branches,boundary_f1_support,is_best
1,2026-04-22 12:25:20,10.1,0.847228,0.608469,1.00e-04,0.262425,0.346169,0.872346,0.753184,0.879914,0.260855,0.523243,0.003175,0.935591,0.409946,0.686196,0.005942,0.984408,0.29913,0.633815,0.006847,0.892288,0.735321,0.753184,0.014284,0.641541,0.164583,0.601403,0.27252,1
2,2026-04-22 12:25:30,9.7,0.531545,0.423139,9.99e-05,0.391407,0.564747,0.930766,0.857555,0.93247,0.513697,0.658214,0.002308,0.964939,0.67516,0.793291,0.004308,0.989,0.550481,0.739003,0.002531,0.942167,0.886827,0.857555,0.014463,0.825477,0.254292,0.791694,0.648254,1
3,2026-04-22 12:25:40,9.6,0.406787,0.337463,9.98e-05,0.44928,0.710828,0.949692,0.875016,0.951558,0.634054,0.71161,0.002177,0.975116,0.772088,0.831017,0.004078,0.988178,0.700704,0.791779,0.00257,0.962466,0.874594,0.875016,0.00988,0.913594,0.519975,0.864391,0.748118,1
4,2026-04-22 12:25:49,9.6,0.34462,0.31175,9.96e-05,0.467815,0.751274,0.955939,0.88139,0.958511,0.670059,0.731291,0.002093,0.978766,0.797253,0.844089,0.003931,0.987191,0.767233,0.810591,0.00253,0.970515,0.844586,0.88139,0.008808,0.945262,0.64752,0.89029,0.716013,1
5,2026-04-22 12:25:59,9.5,0.320604,0.297312,9.94e-05,0.477653,0.795405,0.958455,0.88048,0.961291,0.692244,0.740716,0.0,0.980219,0.814359,0.850424,0.0,0.988606,0.761333,0.823039,0.0,0.972007,0.888673,0.88048,0.0,0.956043,0.68168,0.898084,0.806452,1
6,2026-04-22 12:26:09,9.7,0.301255,0.288937,9.91e-05,0.485103,0.80611,0.96037,0.89051,0.962922,0.706122,0.749189,0.0,0.98107,0.823602,0.85597,0.0,0.98861,0.799267,0.824584,0.0,0.973679,0.859899,0.89051,0.0,0.960573,0.707141,0.904738,0.806452,1
7,2026-04-22 12:26:19,9.9,0.284565,0.282856,9.88e-05,0.491568,0.820616,0.963166,0.875043,0.965823,0.71697,0.757733,0.0,0.982577,0.830158,0.861526,0.0,0.983725,0.86068,0.848963,0.0,0.981448,0.814155,0.875043,0.0,0.968472,0.736692,0.918705,0.806452,1
8,2026-04-22 12:26:29,9.7,0.275844,0.277799,9.84e-05,0.495822,0.82294,0.964312,0.878429,0.967188,0.722833,0.764633,0.0,0.983286,0.834967,0.866037,0.0,0.98536,0.836022,0.854761,0.0,0.981234,0.845563,0.878429,0.0,0.971627,0.740303,0.922066,0.806452,1
9,2026-04-22 12:26:39,9.8,0.283789,0.267718,9.80e-05,0.505082,0.832868,0.964659,0.891177,0.967222,0.732803,0.769586,0.012858,0.983302,0.842536,0.869324,0.018387,0.9879,0.820567,0.849349,0.021935,0.978767,0.877086,0.891177,0.015827,0.973678,0.749707,0.924553,0.824344,1
10,2026-04-22 12:26:49,9.8,0.265328,0.265542,9.76e-05,0.503736,0.830525,0.964159,0.888789,0.966764,0.729071,0.767795,0.014343,0.983062,0.839493,0.868089,0.021922,0.988308,0.814858,0.84898,0.032701,0.977903,0.877104,0.888789,0.0282,0.972096,0.739878,0.921518,0.830178,0
11,2026-04-22 12:26:59,9.8,0.256789,0.263082,9.71e-05,0.516441,0.825189,0.964772,0.891856,0.967271,0.738718,0.771983,0.038623,0.983323,0.845599,0.870817,0.054806,0.988358,0.83021,0.851569,0.061341,0.978376,0.873201,0.891856,0.061988,0.973673,0.752166,0.92555,0.797851,1
12,2026-04-22 12:27:08,9.5,0.254166,0.254525,9.65e-05,0.517723,0.836058,0.966729,0.882633,0.969092,0.746956,0.778071,0.028141,0.984272,0.852123,0.874705,0.038419,0.986349,0.838139,0.867447,0.050387,0.982218,0.874702,0.882633,0.034425,0.976864,0.762977,0.931842,0.813354,1
13,2026-04-22 12:27:18,9.6,0.240609,0.254332,9.59e-05,0.513378,0.830847,0.966227,0.880507,0.968838,0.741798,0.775743,0.022593,0.984139,0.848564,0.873262,0.031482,0.987313,0.814371,0.866944,0.054296,0.981007,0.896486,0.880507,0.02533,0.977501,0.75353,0.930069,0.808941,0
14,2026-04-22 12:27:28,9.8,0.247262,0.261481,9.53e-05,0.50662,0.823393,0.966449,0.890231,0.969373,0.734282,0.777617,0.007962,0.984411,0.842592,0.874368,0.012771,0.987464,0.846559,0.860354,0.023406,0.981426,0.848632,0.890231,0.008782,0.977994,0.74882,0.929957,0.791401,0
15,2026-04-22 12:27:38,9.9,0.251754,0.259723,9.46e-05,0.510673,0.817282,0.966965,0.877227,0.969766,0.745702,0.778665,0.007653,0.984617,0.851553,0.875156,0.012768,0.986807,0.818653,0.874229,0.036406,0.982472,0.896082,0.877227,0.008027,0.979783,0.758928,0.932908,0.760009,0
16,2026-04-22 12:27:48,9.9,0.239342,0.254043,9.39e-05,0.511193,0.782094,0.966051,0.875225,0.969491,0.73863,0.774348,0.0206,0.984477,0.846675,0.87238,0.025684,0.987834,0.795887,0.870352,0.091087,0.981164,0.913978,0.875225,0.023714,0.979654,0.738793,0.928906,0.678583,0
17,2026-04-22 12:27:57,9.6,0.243545,0.249844,9.31e-05,0.514823,0.819139,0.967085,0.891305,0.969945,0.742322,0.781243,0.020904,0.98471,0.848315,0.8767,0.031286,0.98751,0.852631,0.863604,0.117699,0.981957,0.853043,0.891305,0.021861,0.979806,0.760108,0.932825,0.764485,0
18,2026-04-22 12:28:07,9.6,0.236737,0.245165,9.23e-05,0.521254,0.792998,0.967828,0.889426,0.970688,0.745635,0.784543,0.033583,0.985096,0.850184,0.878795,0.046222,0.986782,0.860162,0.869155,0.093611,0.983434,0.851008,0.889426,0.03686,0.9808,0.769457,0.936274,0.673263,1
19,2026-04-22 12:28:17,9.8,0.238295,0.241667,9.14e-05,0.523521,0.747662,0.967598,0.895747,0.970835,0.725837,0.783091,0.061634,0.985173,0.835759,0.877766,0.085117,0.986932,0.876178,0.861241,0.128105,0.983434,0.811243,0.895747,0.074372,0.981068,0.748082,0.934195,0.56071,1
20,2026-04-22 12:28:27,9.9,0.230656,0.228371,9.05e-05,0.53742,0.79502,0.96803,0.892948,0.971019,0.749097,0.788293,0.07487,0.985267,0.853848,0.881225,0.09912,0.989531,0.812668,0.870567,0.117845,0.981059,0.90934,0.892948,0.089033,0.981,0.759499,0.934812,0.690747,1
21,2026-04-22 12:28:37,9.9,0.233489,0.234204,8.96e-05,0.535771,0.728183,0.968338,0.899838,0.970844,0.757706,0.789719,0.059887,0.985177,0.859287,0.882077,0.083474,0.988873,0.849885,0.865603,0.109957,0.981525,0.876301,0.899838,0.077927,0.980833,0.780449,0.936729,0.467371,0
22,2026-04-22 12:28:47,10.0,0.231515,0.234152,8.86e-05,0.535618,0.827133,0.968847,0.899674,0.971142,0.764995,0.792578,0.049279,0.98533,0.864223,0.883907,0.068376,0.989345,0.837095,0.869541,0.108316,0.98137,0.900406,0.899674,0.05507,0.98046,0.783838,0.937493,0.760069,0
23,2026-04-22 12:28:57,9.7,0.228029,0.237375,8.76e-05,0.525941,0.844148,0.969202,0.892938,0.971927,0.755016,0.793103,0.029702,0.985736,0.857077,0.884172,0.039991,0.988093,0.839623,0.876444,0.055739,0.983405,0.885362,0.892938,0.032961,0.9822,0.768526,0.939538,0.824381,0
24,2026-04-22 12:29:07,9.9,0.22284,0.229004,8.66e-05,0.535958,0.786839,0.969402,0.891077,0.97244,0.752264,0.794183,0.061426,0.986,0.854503,0.884822,0.087227,0.987617,0.851539,0.879339,0.098263,0.984403,0.869492,0.891077,0.096797,0.983279,0.773504,0.940384,0.646629,0
25,2026-04-22 12:29:16,9.8,0.225794,0.224624,8.55e-05,0.539514,0.744306,0.969957,0.899142,0.97286,0.758084,0.79823,0.062227,0.986216,0.858637,0.887325,0.082439,0.98784,0.87349,0.87651,0.078857,0.984616,0.851596,0.899142,0.096519,0.983478,0.78046,0.940256,0.512202,1
26,2026-04-22 12:29:26,9.6,0.220279,0.225647,8.44e-05,0.539467,0.840931,0.969806,0.893496,0.972843,0.753848,0.797099,0.067453,0.986207,0.855535,0.88661,0.087465,0.988353,0.837016,0.880779,0.107178,0.984093,0.885464,0.893496,0.075279,0.983919,0.770931,0.941795,0.810067,0
27,2026-04-22 12:29:36,9.5,0.223469,0.213124,8.32e-05,0.550553,0.79032,0.970439,0.881395,0.973409,0.755658,0.798727,0.097273,0.9865,0.857214,0.887662,0.120793,0.986287,0.851387,0.894607,0.134273,0.986728,0.874311,0.881395,0.114351,0.984322,0.777507,0.942633,0.65082,1
28,2026-04-22 12:29:46,9.7,0.228334,0.21702,8.21e-05,0.538606,0.843567,0.96996,0.900998,0.973024,0.743202,0.79817,0.074445,0.9863,0.84806,0.88725,0.098013,0.988095,0.869147,0.87477,0.126727,0.984531,0.839308,0.900998,0.084601,0.984158,0.763404,0.941405,0.825892,0
29,2026-04-22 12:29:55,9.8,0.221227,0.214094,8.08e-05,0.54595,0.848378,0.970669,0.9005,0.973576,0.761446,0.802046,0.074359,0.986586,0.861104,0.889759,0.096308,0.989162,0.848011,0.880045,0.122815,0.984036,0.884574,0.9005,0.08564,0.984164,0.78111,0.942301,0.821723,0
30,2026-04-22 12:30:05,9.5,0.212071,0.221893,7.96e-05,0.531326,0.814478,0.970003,0.906934,0.973282,0.739878,0.798791,0.05531,0.986434,0.84553,0.887686,0.072429,0.989361,0.861776,0.869879,0.111474,0.983544,0.840634,0.906934,0.061813,0.984322,0.764406,0.94018,0.738848,0
31,2026-04-22 12:30:15,9.8,0.223372,0.217263,7.83e-05,0.546931,0.781556,0.969458,0.898857,0.972923,0.763338,0.79699,0.080465,0.986249,0.86302,0.88667,0.10502,0.9907,0.823975,0.875823,0.098266,0.981858,0.913446,0.898857,0.11593,0.98297,0.778309,0.937112,0.629245,0
32,2026-04-22 12:30:24,9.5,0.212445,0.23676,7.70e-05,0.521718,0.812677,0.969691,0.917766,0.973349,0.736248,0.799274,0.029632,0.986468,0.842968,0.887907,0.042998,0.990882,0.860005,0.860851,0.107424,0.982111,0.837699,0.917766,0.031951,0.983992,0.75859,0.938506,0.740935,0
33,2026-04-22 12:30:34,9.9,0.209166,0.217351,7.57e-05,0.541476,0.840743,0.971163,0.897018,0.974438,0.750426,0.805091,0.068911,0.987029,0.853052,0.891588,0.087907,0.987312,0.869505,0.887258,0.102076,0.986758,0.847552,0.897018,0.08132,0.985709,0.775747,0.943667,0.802816,0
34,2026-04-22 12:30:44,9.7,0.197895,0.223482,7.43e-05,0.5397,0.789991,0.970533,0.901323,0.973958,0.74544,0.801842,0.071819,0.986782,0.849123,0.889521,0.097181,0.988276,0.868103,0.879053,0.128598,0.985309,0.842991,0.901323,0.083257,0.985073,0.769864,0.942531,0.657578,0
35,2026-04-22 12:30:54,9.6,0.202892,0.227436,7.30e-05,0.534004,0.833316,0.971366,0.901011,0.974383,0.758728,0.806627,0.036657,0.987001,0.858746,0.892497,0.05122,0.988391,0.865272,0.884997,0.083232,0.985629,0.863998,0.901011,0.039566,0.986016,0.782949,0.945266,0.771731,0
36,2026-04-22 12:31:03,9.5,0.22098,0.22046,7.16e-05,0.535847,0.845571,0.971768,0.898462,0.97496,0.752108,0.808071,0.047362,0.987298,0.854384,0.89339,0.061609,0.987609,0.872999,0.888839,0.085948,0.987001,0.845064,0.898462,0.052181,0.986291,0.777805,0.94584,0.813068,0
37,2026-04-22 12:31:13,9.5,0.214272,0.215346,7.02e-05,0.542785,0.81129,0.971036,0.886697,0.974764,0.759815,0.803193,0.065346,0.987198,0.859565,0.890361,0.082504,0.987059,0.865862,0.894633,0.08523,0.987349,0.862183,0.886697,0.088438,0.985889,0.782953,0.943393,0.707522,0
38,2026-04-22 12:31:22,9.8,0.21394,0.220124,6.87e-05,0.540355,0.825496,0.971785,0.892804,0.97499,0.763797,0.807434,0.049835,0.987314,0.862514,0.89306,0.064018,0.987651,0.860168,0.894115,0.084494,0.986991,0.874339,0.892804,0.054148,0.986378,0.783661,0.945573,0.747254,0
39,2026-04-22 12:31:32,9.5,0.20445,0.208641,6.73e-05,0.547414,0.816312,0.971533,0.915842,0.975201,0.746996,0.809635,0.085612,0.987422,0.85006,0.894303,0.110391,0.990321,0.869971,0.874811,0.113184,0.984555,0.841167,0.915842,0.114674,0.985777,0.771176,0.943506,0.734252,0
40,2026-04-22 12:31:41,9.5,0.20321,0.218042,6.58e-05,0.542085,0.838294,0.97231,0.910321,0.975469,0.762577,0.813424,0.050255,0.987559,0.861224,0.896672,0.064657,0.989552,0.870395,0.884436,0.084977,0.985595,0.860163,0.910321,0.053958,0.986565,0.787867,0.946718,0.780295,0
41,2026-04-22 12:31:51,9.5,0.209976,0.212717,6.43e-05,0.542795,0.842226,0.972405,0.91028,0.975725,0.757017,0.813605,0.057763,0.987691,0.857446,0.896771,0.076182,0.989305,0.881968,0.884462,0.095074,0.986098,0.842914,0.91028,0.069745,0.986688,0.782289,0.945686,0.798705,0
42,2026-04-22 12:32:00,9.4,0.206415,0.214722,6.28e-05,0.547707,0.759307,0.972023,0.909938,0.97574,0.75694,0.812116,0.074065,0.987698,0.857365,0.895832,0.096966,0.990859,0.847562,0.883175,0.094767,0.984578,0.877583,0.909938,0.108455,0.986,0.773999,0.943396,0.560525,0
