overall_accuracy,mean_iou,mean_boundary_f1,branch_recall,iou_background,precision_background,recall_background,f1_background,boundary_f1_background,iou_trunk,precision_trunk,recall_trunk,f1_trunk,boundary_f1_trunk,iou_branches,precision_branches,recall_branches,f1_branches,boundary_f1_branches,iou_support,precision_support,recall_support,f1_support,boundary_f1_support,stem
0.972747802734375,0.763432119972685,0.8037392489856376,0.8962931631162006,0.9771273308858272,0.9945383494808885,0.9823989182620927,0.9884313625856469,0.9705306487809039,0.6168284789643813,0.6668999300209704,0.8914873713750752,0.7630104082776692,0.6441876702879666,0.7937951232802044,0.8740765740428212,0.8962931631162006,0.8850454691657317,0.9171519257416002,0.8796727576734691,0.8991088867187446,0.9760153713642021,0.9359850048743087,0.849878150927346,A000_0000-0
0.9705009460449219,0.7090894646394229,0.7029728022215549,0.9605363481004312,0.9765679857404502,0.993366931556523,0.9829778821203505,0.9881451007365184,0.9640536349057066,0.425270758122713,0.8897280966766027,0.4489329268292341,0.5967578520323619,0.5120578777672988,0.8402870417222483,0.8703337541987257,0.9605363481004312,0.913213017997412,0.8855528499220983,0.8617105940733072,0.9539282752902107,0.8991305197342668,0.925719171142958,0.7113076789752678,A000_0000-1
0.9687767028808594,0.7543310177220666,0.8252642855352659,0.9095987632632953,0.9722209163477717,0.9911241894592557,0.9807599282943342,0.9859148214479546,0.9783066166689899,0.5537621057859311,0.6800853918877499,0.7488247145735142,0.7128016620884979,0.6688691349455823,0.7843487745023758,0.8506604455543115,0.9095987632632953,0.87914289590224,0.9299642717844427,0.9248821728778926,0.9626276929301054,0.9593286967039566,0.9609753634394945,0.8769594498757723,A000_0000-2
0.9872055053710938,0.8418980410649078,0.9190636797537245,0.889859837342093,0.9881433945753024,0.9926741505246597,0.9954022789831427,0.9940363428732273,0.988382914036161,0.7748257839720917,0.872058823529369,0.8742014742014312,0.8731288343057854,0.8414317103882882,0.8044583496284645,0.8934155663655239,0.889859837342093,0.8916341568637333,0.9468758555115065,0.9464099895941673,0.9899619036100806,0.9555802007938307,0.9724672546947305,0.9688834733613788,A000_0000-3
0.97186279296875,0.7607032994400883,0.8237608912284983,0.8571498172959764,0.9759929744413448,0.9930829170274132,0.9826732333066083,0.9878506523211501,0.967824473054936,0.636885245901622,0.6671436748711886,0.9335202242690855,0.7781672508276731,0.7612558449736355,0.7732507032348771,0.8876387487386435,0.8571498172959764,0.8721278968393406,0.9266291697928063,0.871973949183766,0.8909074990150118,0.9762076078092725,0.9316090638091069,0.7833976589190529,A000_0000-4
0.9765739440917969,0.7866699967269438,0.8484940310082262,0.8666452442159327,0.980855619275794,0.9940251045266963,0.9866727817195885,0.9903352972135107,0.9800163414660831,0.7175637393767502,0.7615754660252326,0.925465838509283,0.8355599537686861,0.7645955864176401,0.762036618444842,0.863260994814667,0.8666452442159327,0.864949809128661,0.9190888512546266,0.8804096323592387,0.9156417112299425,0.9581254371648359,0.9364019596173339,0.8617976553524117,A000_0000-5
0.982086181640625,0.7656744372565578,0.8693105863404851,0.8790528723261074,0.9859219133097883,0.9938700941792659,0.9919538694451862,0.9929110572298157,0.9883443812538651,0.5802337938363238,0.6053215077605097,0.9333333333332802,0.7343644922185474,0.7350399778295957,0.7710189391704481,0.8625173255890644,0.8790528723261074,0.8707065995435624,0.9324609623534085,0.9457705787629017,0.9915094339622593,0.9534928138280049,0.972129591265157,0.9404308188384508,A000_0000-6
0.9753952026367188,0.5081422679430186,0.895461915192919,0.9050526708306101,0.9816601732910613,0.994599704165317,0.9869204981674797,0.9907452210751339,0.9887815713799364,0.7497918401332161,0.8488076161749378,0.865366134922152,0.8570068997834488,0.7701292158684921,0.77463496369584,0.8431542837292074,0.9050526708306101,0.873007665799934,0.9162565297102647,0.0,0.0,0.0,0.0,1.0,A001_0003-0
0.9809379577636719,0.7909685582539406,0.912945858452495,0.9415769712140128,0.9826223720932217,0.9957987378888871,0.9867129595852517,0.991235028792921,0.9909879591443443,0.8464771596062289,0.9140093156574595,0.9197211873572777,0.9168563555268434,0.8649069596770811,0.8166029871483119,0.860187514292244,0.9415769712140128,0.8990439770055471,0.9535321189015098,0.7098255280072809,0.7556207233625849,0.9213349225267078,0.8302900106915375,0.920398496778894,A001_0003-1
0.9727401733398438,0.4951173681198419,0.8892091235447678,0.8433830320622737,0.9815615246999827,0.993164591527088,0.9882376142165344,0.9906949770828404,0.9891519892374534,0.7319339053967752,0.7818939393939335,0.9197112814115049,0.8452215215292254,0.7764546563352577,0.7534181989627505,0.8759764286693122,0.8433830320622737,0.8593707985517888,0.8911727142990457,0.0,0.0,0.0,0.0,1.0,A001_0003-2
0.9781913757324219,0.43579778197084257,0.8419973702823801,0.9090736522399335,0.9868100691434423,0.9944532686841662,0.992271631507386,0.9933612522098879,0.9896149797647597,0.5706618962432838,0.8568181818181642,0.630818375418305,0.7266514805889545,0.6239841753433966,0.736731449669244,0.7953387953941498,0.9090736522399335,0.8484114798132152,0.9020079355037437,0.0,0.0,0.0,0.0,1.0,A001_0003-3
0.98077392578125,0.5318108908008919,0.9409638741957679,0.889247435749678,0.98402800383869,0.9932492116256936,0.9906536089582345,0.9919497122875237,0.9872928569056637,0.8096492822096965,0.883677112257032,0.9062341096308257,0.894813475875088,0.8857498784318663,0.7857833901929794,0.8710278263814367,0.889247435749678,0.8800433406018211,0.9371417441554375,0.0,0.0,0.0,0.0,1.0,A001_0003-4
0.9666900634765625,0.4877042650255694,0.9000537220776642,0.8624718619358958,0.975548131969805,0.9917785917785914,0.9835015762968008,0.987622742400819,0.9870812403606852,0.7093420677869502,0.7758566978193085,0.8921726670248891,0.8299591768226846,0.7708304908355432,0.7537707272897581,0.856747355718035,0.8624718619358958,0.8596000782961809,0.9293306753974494,0.0,0.0,0.0,0.0,1.0,A001_0003-5
0.9765548706054688,0.5040417571244001,0.8980773102705455,0.902287390029322,0.983674198523837,0.9933954626256223,0.9901496844478161,0.9917699178688235,0.9923651843878877,0.7067364677992818,0.8202453284420403,0.8362552594670309,0.8281729266239924,0.7732406791715032,0.8053888035739187,0.8823461935533176,0.902287390029322,0.8922053819481471,0.9209912516401332,0.0,0.0,0.0,0.0,1.0,A001_0003-6
0.9355125427246094,0.42739637640068295,0.7783538534842758,0.9688652323083325,0.9543319279616901,0.9844754681522244,0.9689132861681954,0.976632387015418,0.975922744952734,0.43689963564093837,0.8964657906660524,0.4601162790697648,0.6081143383599633,0.44320265691589333,0.8452894935611104,0.8688917431896163,0.9688652323083325,0.9161592221325036,0.8918589035369339,0.0,0.0,0.0,0.0,1.0,B000_0
0.9625930786132812,0.5329931329761989,0.5138791754023028,0.9551621629961828,0.957706974252308,0.9829220170132931,0.9739127647982561,0.9783966515919839,0.9774288709871255,0.6921098557913044,0.7911591768164553,0.8468195100022382,0.8180436434198133,0.6119812435655384,0.9068695431372923,0.9471923292701576,0.9551621629961828,0.9511605514424302,0.9296562826413698,0.0,0.0,0.0,0.0,0.0,B000_1
0.9539527893066406,0.4635029048129489,0.860381547767627,0.8804577739184626,0.9677680182890142,0.9866389271887769,0.980619550162885,0.9836200296428236,0.9791935026405343,0.6169865517691564,0.7506751389991998,0.7760078824205536,0.7631313334717486,0.6593483109834787,0.7735221626696905,0.8642930518217365,0.8804577739184626,0.8723005315715584,0.9217963323194023,0.0,0.0,0.0,0.0,1.0,B000_10
0.9608306884765625,0.5348019193078636,0.8869506507590513,0.9492166396542395,0.9578911553604117,0.9870116861435722,0.970119619972761,0.9784927550123569,0.980001896266704,0.7338893100833895,0.8309904496190489,0.8626489918680977,0.846523830295439,0.7125990891727911,0.8705164478402012,0.913039316239315,0.9492166396542395,0.9307765764889161,0.9482528631043627,0.0,0.0,0.0,0.0,1.0,B000_11
0.9635810852050781,0.5109047343901295,0.8844547032229503,0.9251749222017385,0.9669689528579413,0.9894173312967373,0.9770744074525368,0.9832071333955674,0.9843974556159557,0.6980814873417652,0.783810792804788,0.8645437844457947,0.8222002212534707,0.7004112311065911,0.8346327158286231,0.8950507200521565,0.9251749222017385,0.9098635477082965,0.9529528785622594,0.0,0.0,0.0,0.0,1.0,B000_12
0.9674453735351562,0.4706519909974198,0.7977008475112717,0.9420800499878486,0.9764946756726914,0.9910061317199368,0.9852259148996492,0.9881075700757286,0.9882298373275392,0.5466804979253049,0.7414413006096492,0.6754485901452482,0.7069081153089175,0.4574158919318951,0.8652754750669543,0.9138926773416832,0.9420800499878486,0.9277723173723423,0.9356866506019199,0.0,0.0,0.0,0.0,1.0,B000_13
0.9557723999023438,0.5301576315220118,0.534361030071738,0.9340394594286352,0.9561893368858917,0.986519009711025,0.9688488281120865,0.977604078303763,0.9753026070590577,0.7360109026775634,0.8225965415285295,0.8748808843148382,0.8479335026053154,0.6759228879227089,0.8544619918884719,0.909331889971409,0.9340394594286352,0.9215200910879663,0.9271602022925051,0.0,0.0,0.0,0.0,0.0,B000_14
0.9549331665039062,0.503377608815189,0.8466905164223607,0.9232034605659961,0.9558411582647008,0.9884400275573247,0.96664703791532,0.977422071497739,0.9818981231524487,0.6697002141327564,0.6999906742516021,0.9393067200600558,0.8021801859080945,0.5969876768098276,0.8404326123128107,0.9036047586391948,0.9232034605659961,0.9132989783425547,0.9430838724572546,0.0,0.0,0.0,0.0,1.0,B000_15
0.9810218811035156,0.5110818673558788,0.8638030842816103,0.9230169695681407,0.9844902615782851,0.9954469185863596,0.9889434409470349,0.9921845227355242,0.9849122204128905,0.6911641541038381,0.7301481973014659,0.9282902137232585,0.8173826915441068,0.6410525924785528,0.8420814479637982,0.9056905481975844,0.9230169695681407,0.9142716776704631,0.9503566603662783,0.0,0.0,0.0,0.0,1.0,B000_16
0.9695281982421875,0.5159795398545892,0.8501264591570638,0.9420794273612304,0.97224719500612,0.9900384291130266,0.9818522223077116,0.985928333343425,0.9681450543367267,0.6683304217619083,0.7552171460800796,0.8531379420197379,0.8011967090002855,0.6254056314765408,0.8796081978018595,0.929896773566253,0.9420794273612304,0.935948458602749,0.9249737459946503,0.0,0.0,0.0,0.0,1.0,B000_17
0.9585685729980469,0.4715410858452393,0.8402687681365212,0.9099940035978394,0.9652256274947564,0.985372688120057,0.9792566517460982,0.9823051500463922,0.9701197200587529,0.6029455966335978,0.7662337662337565,0.7388581952117773,0.7522970185136674,0.6016299230635069,0.8116776609021201,0.8825285440130248,0.9099940035978394,0.8960508575820991,0.9191763813460566,0.0,0.0,0.0,0.0,1.0,B000_18
0.9629402160644531,0.5482398267953736,0.5601219571469848,0.9343730129513722,0.9622287993823184,0.9875380356690047,0.9740563579899535,0.9807508682332668,0.9794020635214714,0.7899819937796628,0.846369694843907,0.9222243454997046,0.8826703245957173,0.7328359341068237,0.8547374866064582,0.90932777488275,0.9343730129513722,0.9216802838486625,0.9475299373341307,0.0,0.0,0.0,0.0,0.0,B000_19
0.9650421142578125,0.5075089650969008,0.8857764441607,0.9329504829999221,0.9673090712205682,0.9889933970356476,0.9778357428847553,0.9833829216994805,0.9868622598449674,0.6767615830115749,0.7850244926521933,0.8307168246445374,0.807224580794815,0.7008342153391129,0.8457653122791277,0.9005010737294185,0.9329504829999221,0.9164386247877383,0.9564951171429871,0.0,0.0,0.0,0.0,1.0,B000_2
0.9676971435546875,0.5467837055042531,0.9183346361244643,0.922976645529064,0.9673816522387417,0.9876182904126586,0.9792580984747608,0.9834204269301239,0.9774341637716859,0.8018221003134718,0.857876532858182,0.9246497966561125,0.8900125047073051,0.8047827838616405,0.8385290161992877,0.9016209449396713,0.922976645529064,0.9121738180524177,0.9502211245117522,0.0,0.0,0.0,0.0,1.0,B000_20
0.958892822265625,0.4419094445456806,0.7820722984166221,0.9564195743053076,0.9659436823733775,0.988211633490994,0.9772037395122323,0.982676859957757,0.9818902080005405,0.4569163602941124,0.7566590563165762,0.5356228956228885,0.6272375995098474,0.4158230601784429,0.8688119733429295,0.9046246882631886,0.9564195743053076,0.9298013772269604,0.9303938350714237,0.0,0.0,0.0,0.0,1.0,B000_3
0.9772567749023438,0.5257606241841749,0.9074203514242761,0.9307137268538614,0.9787872599248805,0.9920666705665824,0.986508799484515,0.9892799288717555,0.9861509394010453,0.7306677491373913,0.8236101578585947,0.8662175168430976,0.8443766857715201,0.7596549514555627,0.8466141234151333,0.903561582175207,0.9307137268538614,0.9169366925486807,0.9626061028172659,0.0,0.0,0.0,0.0,1.0,B000_4
0.9717025756835938,0.49953038050884874,0.8611290084312401,0.9418543500628765,0.9741059159950974,0.9915886172253774,0.9822220973993143,0.9868831333244076,0.9834887643706224,0.6483073145062156,0.7993079584774914,0.7743557510999209,0.7866340320879122,0.6292389945785043,0.8502838270203306,0.89739009193499,0.9418543500628765,0.9190847528980285,0.9541480307152159,0.0,0.0,0.0,0.0,1.0,B000_5
0.972412109375,0.5048421095109635,0.8681434643042089,0.9508121761093913,0.9747784242036895,0.9935147355362792,0.9810206205069992,0.9872281489477909,0.986425308370654,0.6539910928400025,0.7826978269782537,0.7990791125993972,0.7908036453518117,0.6461280036570938,0.860535235692888,0.9006290605341839,0.9508121761093913,0.9250405142968798,0.9583023892555331,0.0,0.0,0.0,0.0,1.0,B000_6
0.9627494812011719,0.4782983095108704,0.8235362336004353,0.9481183059840802,0.9635219681170686,0.988325296399695,0.9746147520469086,0.9814221421642233,0.9640105048328305,0.5773584905660286,0.7758292837523605,0.6929609360256521,0.7320574162180872,0.5461247213400157,0.8575364379665824,0.8997575531518076,0.9481183059840802,0.9233051049689313,0.9244839794612902,0.0,0.0,0.0,0.0,1.0,B000_7
0.9590606689453125,0.48835272181658534,0.8764518344263861,0.9138660692058731,0.9633402297416003,0.9870837637105894,0.9756386883492546,0.9813278565776709,0.971956092235306,0.6546381643459438,0.7736701819445965,0.80970285021224,0.7912765200400959,0.6918119405853054,0.8104200011038122,0.8774424858081846,0.9138660692058731,0.8952839678797814,0.9375435626938531,0.0,0.0,0.0,0.0,1.0,B000_8
0.95782470703125,0.5076168896564736,0.8566377373686498,0.9181978615176982,0.959976114607608,0.9865054195538366,0.9727499571624396,0.9795794014059201,0.9816843518028742,0.6722764300420672,0.7005597014925308,0.9433488255244198,0.8040254803857483,0.6203177805774839,0.8505742389273535,0.9203133361079717,0.9181978615176982,0.9192543816822026,0.9495954315284654,0.0,0.0,0.0,0.0,1.0,B000_9
